threshold,scenario_count,mean_max_entry_probability,max_entry_probability,mean_fairness_gap_nav_per_deposit,min_fairness_gap_nav_per_deposit,max_fairness_gap_nav_per_deposit
0.8,6,0.8765384951184842405698074368,0.96415160659764578514180476613241939164495572934410888264331135018210446251037065,-0.2444893804637690917905315597,-0.4473338238536822170103941108,-0.1326886218966466057674338971
0.9,3,0.926855953315807606590931592,0.96415160659764578514180476613241939164495572934410888264331135018210446251037065,-0.3258007802909952616376096894,-0.4473338238536822170103941108,-0.1935970525146330416798639513
