slice,scenario_count,max_entry_probability,mean_fairness_gap_nav_per_deposit,min_fairness_gap_nav_per_deposit,max_fairness_gap_nav_per_deposit,interpretation
ordinary_reference_all,288,0.37915245309398876738598755936608950179580108231784308283883463222984869357606271,-0.006767417693685025675248916087,-0.0825237454022122721620718413,0.1394217631497283756757480897,ordinary calibration workload never reaches near-resolved LP entry
high_skew_normalized_reference_max_p_ge_0_8,6,0.96415160659764578514180476613241939164495572934410888264331135018210446251037065,-0.2444893804637690917905315597,-0.4473338238536822170103941108,-0.1326886218966466057674338971,normalized default still treats near-resolved late entry as a boundary regime
high_skew_normalized_reference_max_p_ge_0_9,3,0.96415160659764578514180476613241939164495572934410888264331135018210446251037065,-0.3258007802909952616376096894,-0.4473338238536822170103941108,-0.1935970525146330416798639513,normalized default still treats near-resolved late entry as a boundary regime
